排名,学校名称,省市,总分,生源质量（新生高考成绩得分）,培养结果（毕业生就业率）,社会声誉（社会捐赠收入·千元）,科研规模（论文数量·篇）,科研质量（论文质量·FWCI）,顶尖成果（高被引论文·篇）,顶尖人才（高被引学者·人）,科技服务（企业科研经费·千元）,成果转化（技术转让收入·千元）,学生国际化（留学生比例）
1,清华大学,北京,95.3,100.0,97.50%,1182145,44730,1.447,1556,121,1586283,500525,6.90%
2,北京大学,北京,78.6,96.4,97.39%,665616,43731,1.374,1278,94,480918,4110,6.01%
3,浙江大学,浙江,73.9,86.3,96.56%,452414,47915,1.131,939,91,1266561,27720,5.18%
4,上海交通大学,上海,73.1,90.5,98.65%,226279,49749,1.176,960,79,742538,15264,7.33%
5,复旦大学,上海,66.0,91.5,97.23%,257468,31039,1.371,777,56,244496,5349,6.66%
6,中国科学技术大学,安徽,61.9,92.1,93.60%,63406,22240,1.548,847,40,175404,35860,1.68%
7,南京大学,江苏,59.8,88.4,93.77%,84668,25729,1.408,691,33,184782,6088,4.46%
8,华中科技大学,湖北,59.1,82.4,94.48%,29666,29130,1.262,761,34,467580,12570,4.56%
9,中山大学,广东,58.6,81.1,92.01%,148621,29393,1.304,639,46,186417,5752,4.68%
10,哈尔滨工业大学,黑龙江,57.4,78.2,96.16%,58319,28364,1.093,639,22,1413350,12480,2.40%
11,同济大学,上海,56.4,87.0,98.67%,93995,25319,1.003,439,32,443731,2940,4.65%
12,武汉大学,湖北,55.5,84.4,96.51%,81799,24845,1.149,534,19,521504,6168,3.27%
13,东南大学,江苏,55.3,81.8,98.27%,38170,21546,1.111,545,22,772213,3434,4.47%
14,西安交通大学,陕西,54.2,83.6,97.48%,38187,26563,1.093,499,14,365842,29835,2.92%
15,北京航空航天大学,北京,54.0,85.4,98.64%,53067,18945,1.010,355,11,1110330,1553,3.84%
16,南开大学,天津,53.9,85.9,97.16%,69026,12159,1.487,415,19,49596,37514,3.87%
17,四川大学,四川,53.3,75.7,95.33%,46521,31507,0.967,452,20,885847,48289,1.52%
18,天津大学,天津,52.4,82.5,97.20%,162747,22023,1.046,421,17,452185,14925,1.08%
19,华南理工大学,广东,51.8,74.8,99.00%,48587,19220,1.230,518,23,306919,45069,2.56%
20,北京师范大学,北京,51.7,85.1,98.89%,185228,12552,1.243,286,15,99989,1500,4.59%
21,北京理工大学,北京,51.1,82.1,97.83%,61668,15100,0.951,303,10,690464,163858,2.07%
22,厦门大学,福建,50.9,77.9,94.10%,372837,14127,1.289,371,14,202179,1309,3.68%
23,吉林大学,吉林,50.2,74.4,94.56%,142762,27737,0.957,406,19,263041,2890,3.05%
24,山东大学,山东,50.0,73.4,91.89%,24401,27689,1.102,433,19,185779,28590,2.28%
25,大连理工大学,辽宁,49.7,75.8,93.89%,29216,20760,1.009,395,29,387404,1250,1.93%
26,中南大学,湖南,49.5,76.0,95.79%,51401,25200,1.014,413,14,315531,3880,1.16%
27,苏州大学,江苏,48.8,69.5,92.81%,37885,16256,1.343,464,16,486630,2440,2.07%
28,对外经济贸易大学,北京,47.7,84.2,98.86%,30184,691,1.085,10,3,0,0,15.32%
29,西北工业大学,陕西,47.6,77.1,96.37%,63085,15050,0.905,264,6,882419,10670,1.94%
30,中国人民大学,北京,47.5,90.8,97.17%,59108,3659,1.130,58,3,10653,500,4.94%
31,湖南大学,湖南,47.4,74.2,95.89%,8789,13538,1.163,375,16,319991,370,1.61%
32,华东师范大学,上海,46.5,79.4,93.87%,54105,8622,1.211,205,10,56433,155,3.64%
33,电子科技大学,四川,46.4,75.4,96.04%,27987,13285,1.050,299,16,275115,6134,1.20%
34,华东理工大学,上海,45.5,72.9,97.79%,7020,12098,1.149,264,11,299179,2647,1.32%
35,重庆大学,重庆,45.2,73.8,95.10%,19892,18264,0.908,298,5,359647,3559,1.29%
35,南京航空航天大学,江苏,45.2,74.4,99.12%,3119,12760,0.846,212,12,430555,35734,2.54%
37,北京科技大学,北京,44.5,73.8,94.91%,29145,14629,0.876,240,3,389533,7362,3.15%
37,南京理工大学,江苏,44.5,71.8,98.94%,18437,10991,0.951,228,7,412159,30217,2.91%
39,上海财经大学,上海,44.3,86.2,93.23%,24584,1149,1.104,19,1,0,0,4.37%
40,中国农业大学,北京,43.7,71.0,97.25%,42188,12377,1.114,172,12,82911,1110,1.37%
41,上海大学,上海,43.6,66.7,99.13%,4620,11901,1.106,236,8,437550,2122,1.65%
42,东北大学,辽宁,43.5,69.0,95.40%,0,12226,0.789,163,8,937806,44000,1.77%
43,华中师范大学,湖北,43.3,70.2,92.70%,13530,4166,1.498,144,2,8948,32982,2.78%
43,南方科技大学,广东,43.3,75.7,97.60%,10206,1042,>1.548,67,2,1564,0,0
45,北京交通大学,北京,43.0,73.5,98.03%,28971,10787,0.813,177,5,237187,200,4.11%
46,首都医科大学,北京,42.9,72.7,94.80%,0,15613,0.868,102,4,14659,0,5.64%
47,武汉理工大学,湖北,42.8,69.4,96.32%,23949,8313,1.030,216,7,319509,11230,2.41%
48,北京化工大学,北京,42.4,67.1,98.48%,14199,8565,1.182,205,9,148403,4580,1.26%
48,北京邮电大学,北京,42.4,78.2,99.13%,25421,7220,0.901,178,2,0,2500,0.82%
48,东华大学,上海,42.4,68.2,96.04%,5618,5659,1.243,171,6,92886,3765,3.71%
51,北京外国语大学,北京,42.1,81.8,96.12%,14199,112,0.608,0,0,0,0,12.09%
52,天津医科大学,天津,42.0,72.1,89.95%,0,8151,0.877,67,3,4556,200,10.47%
52,中央财经大学,北京,42.0,85.2,95.77%,12587,1013,0.934,10,2,0,0,1.13%
54,西安电子科技大学,陕西,41.9,72.2,98.02%,18865,10706,0.856,192,7,177779,900,0.73%
55,南京医科大学,江苏,41.7,65.2,96.93%,73889,11752,1.078,151,7,52530,0,3.42%
56,暨南大学,广东,41.6,69.6,97.05%,55975,8018,0.956,104,3,127717,2922,5.10%
57,兰州大学,甘肃,41.4,68.7,89.09%,10816,10905,1.103,178,10,54636,526,1.04%
58,江南大学,江苏,40.8,67.2,97.82%,22554,8737,1.010,129,5,226655,7638,1.30%
59,华北电力大学,北京,40.5,69.7,96.75%,21097,6372,1.005,121,4,113612,2370,1.71%
60,中国海洋大学,山东,40.3,70.0,93.76%,6449,7716,0.988,115,4,117054,2160,1.50%
61,哈尔滨工程大学,黑龙江,40.2,69.8,95.10%,7935,8263,0.795,133,3,359745,2136,2.12%
61,中国地质大学（武汉）,湖北,40.2,65.3,96.40%,5323,6981,1.049,138,9,107052,181,2.35%
63,华中农业大学,湖北,40.1,63.7,96.02%,0,6915,1.193,99,10,57595,18270,1.46%
63,南京师范大学,江苏,40.1,66.4,95.51%,23483,5263,1.110,130,6,149878,280,1.46%
65,东北师范大学,吉林,40.0,64.5,98.03%,31100,4496,1.220,95,10,17978,500,1.39%
66,西南财经大学,四川,39.9,76.6,95.25%,0,1026,1.031,23,1,0,0,0.74%
67,福州大学,福建,39.8,62.6,93.67%,4124,6023,1.273,194,8,90539,2030,0.06%
67,中国药科大学,江苏,39.8,68.4,98.41%,16577,5786,0.996,51,5,131592,6000,1.77%
69,中国地质大学（北京）,北京,39.7,65.1,94.60%,773,7038,1.134,172,4,93031,0,0.67%
70,上海外国语大学,上海,39.6,77.5,95.70%,4686,138,0.609,0,0,0,0,8.48%
71,南京农业大学,江苏,39.5,63.0,94.36%,10194,8697,1.137,101,8,87115,6580,1.02%
72,北京工业大学,北京,39.2,67.3,99.09%,2040,9254,0.705,108,4,242947,41289,1.54%
72,河海大学,江苏,39.2,68.1,96.11%,30670,7954,0.776,90,1,323759,638,2.09%
74,西南交通大学,四川,39.1,66.8,97.33%,49872,9001,0.792,114,7,189340,160,0.94%
74,中国医科大学,辽宁,39.1,68.7,95.40%,0,8004,0.829,57,1,100,0,4.85%
76,西南大学,重庆,39.0,61.1,94.05%,19126,8277,1.113,158,7,96872,7110,1.10%
77,南方医科大学,广东,38.8,63.0,97.53%,0,8952,0.869,68,2,5047,37460,5.39%
77,中南财经政法大学,湖北,38.8,75.1,93.78%,4377,403,1.010,10,0,0,0,0.50%
79,南京信息工程大学,江苏,38.4,57.4,98.84%,133,5108,1.262,113,0,126674,22105,2.36%
80,江苏大学,江苏,38.3,57.4,96.50%,4130,11561,0.912,162,4,244189,6880,2.97%
80,中国石油大学（华东）,山东,38.3,63.3,97.11%,3964,6316,0.768,89,3,371064,860,4.19%
82,合肥工业大学,安徽,38.2,63.7,96.03%,19487,7462,0.963,143,1,142941,6760,0.43%
83,上海中医药大学,上海,38.1,58.2,97.48%,13442,3309,0.865,16,1,26069,15030,12.66%
83,中国矿业大学,江苏,38.1,61.0,98.74%,19888,8342,0.908,124,4,228000,366,1.27%
85,浙江工业大学,浙江,38.0,63.2,96.74%,4227,6905,0.862,96,4,161165,400,2.96%
86,北京中医药大学,北京,37.9,69.7,95.30%,0,2768,0.745,16,1,10180,240,5.71%
86,华侨大学,福建,37.9,56.3,97.23%,18093,2863,0.886,49,1,12290,12289,13.18%
86,西北农林科技大学,陕西,37.9,62.1,96.07%,14616,9463,0.980,117,3,57316,1160,0.66%
89,北京林业大学,北京,37.8,68.0,95.28%,10852,5586,0.852,56,5,50506,3130,0.72%
89,东北财经大学,辽宁,37.8,68.7,95.36%,2093,458,0.998,7,1,0,0,3.00%
91,南京邮电大学,江苏,37.7,61.4,99.10%,4661,4519,1.059,140,0,151374,690,0.57%
91,深圳大学,广东,37.7,54.2,93.21%,18107,5597,1.351,182,3,128858,796,1.11%
91,中央民族大学,北京,37.7,69.8,90.10%,5737,852,1.061,25,0,5477,0,1.46%
94,南京工业大学,江苏,37.6,57.5,95.32%,1770,6548,1.090,151,8,200249,4898,0.32%
94,中国政法大学,北京,37.6,80.8,95.40%,14664,207,0.537,1,0,1389,0,0.82%
96,大连医科大学,辽宁,37.5,62.7,95.34%,0,3741,0.801,24,4,3341,0,8.32%
97,中国石油大学（北京）,北京,37.3,59.5,94.05%,2180,8202,0.781,98,1,391796,215,4.21%
98,西北大学,陕西,37.2,64.6,87.31%,0,5788,1.029,95,0,69452,0,1.23%
98,中国传媒大学,北京,37.2,75.8,96.45%,15405,371,0.586,4,0,4251,0,2.47%
100,宁波大学,浙江,36.8,60.2,96.74%,16728,5426,0.868,66,3,24333,60,4.57%
100,扬州大学,江苏,36.8,55.4,98.62%,13641,5410,1.016,103,3,110415,82609,1.72%
102,华南师范大学,广东,36.7,60.0,91.20%,49722,5317,1.057,78,5,56512,200,1.03%
102,陕西师范大学,陕西,36.7,63.3,92.91%,8829,4580,1.017,63,2,24842,1650,0.57%
104,浙江师范大学,浙江,36.5,55.9,96.02%,12850,3569,1.217,90,2,9373,163,2.22%
105,首都经济贸易大学,北京,36.4,62.7,99.66%,1868,359,1.016,10,1,0,0,2.65%
105,西交利物浦大学,江苏,36.4,57.4,99.50%,30202,668,1.231,15,0,420,0,2.81%
107,首都师范大学,北京,36.2,58.2,99.65%,8287,3343,0.952,39,2,9049,0,4.51%
107,浙江理工大学,浙江,36.2,58.0,97.10%,2750,3105,1.140,67,1,56001,10456,0.95%
109,广东外语外贸大学,广东,36.1,60.2,99.98%,10124,478,1.106,14,0,0,0,1.99%
110,湖南师范大学,湖南,35.9,62.8,92.79%,13104,2954,0.928,43,0,19257,140,2.32%
110,汕头大学,广东,35.9,59.1,99.42%,600,2661,1.098,41,4,7996,41,0.08%
110,燕山大学,河北,35.9,64.0,94.01%,1208,6380,0.702,66,1,255560,1350,0.38%
113,杭州电子科技大学,浙江,35.8,59.5,96.90%,1137,3035,1.020,87,1,56377,12667,0.38%
114,广西医科大学,广西,35.7,59.3,94.72%,19649,3548,0.846,27,0,5478,0,6.09%
115,南京财经大学,江苏,35.6,60.6,98.13%,1365,529,1.129,12,1,648,45,0.13%
115,中国矿业大学（北京）,北京,35.6,64.0,99.16%,280,3102,0.810,29,1,92045,0,0.27%
117,哈尔滨医科大学,黑龙江,35.5,58.6,91.09%,26,6239,0.992,49,1,0,0,2.22%
118,安徽大学,安徽,35.4,59.2,93.32%,3924,5082,0.971,89,0,64230,1130,0.60%
118,河北医科大学,河北,35.4,60.9,95.72%,0,3955,0.674,17,0,0,6200,6.72%
120,湖北大学,湖北,35.3,59.6,92.01%,9195,4529,0.979,70,2,84750,1180,0.16%
121,河北工业大学,河北,35.2,67.9,94.01%,0,3231,0.647,20,0,90123,12531,0.16%
121,云南大学,云南,35.2,60.3,95.00%,0,3857,0.870,53,4,22311,70,1.54%
123,大连海事大学,辽宁,35.1,62.3,95.59%,7683,2982,0.784,48,0,107700,0,1.42%
123,上海理工大学,上海,35.1,59.9,98.13%,3954,5032,0.691,59,0,298337,345,1.41%
125,湘潭大学,湖南,35.0,56.5,94.47%,2551,3673,1.086,66,2,29682,511,0.33%
126,长安大学,陕西,34.8,64.4,93.74%,1544,4862,0.487,24,0,414239,16955,1.17%
126,杭州师范大学,浙江,34.8,53.0,98.12%,7451,3563,1.153,75,2,14573,200,0.66%
128,太原理工大学,山西,34.6,60.3,89.30%,0,5516,0.780,60,1,108411,56422,0.18%
129,重庆医科大学,重庆,34.5,55.0,91.15%,0,7550,0.918,61,2,2029,13460,2.38%
130,浙江工商大学,浙江,34.3,58.5,96.80%,873,2255,0.818,26,0,14981,2000,3.47%
131,沈阳药科大学,辽宁,34.1,55.9,96.42%,0,3187,0.980,21,6,23813,858,0.16%
132,上海对外经贸大学,上海,33.9,66.8,96.90%,935,202,0.519,0,1,0,0,2.05%
132,温州医科大学,浙江,33.9,51.9,95.20%,7350,5095,0.914,36,1,1471,0,4.62%
134,上海师范大学,上海,33.7,52.2,97.84%,10904,2670,1.039,40,3,13948,0,1.39%
135,南昌大学,江西,33.5,52.4,86.50%,0,7554,0.909,108,3,71777,15150,1.34%
135,浙江财经大学,浙江,33.5,55.6,97.50%,8063,695,1.020,15,0,0,0,0.61%
137,广西大学,广西,33.4,63.5,,2054,5284,0.775,57,1,38067,1369,1.78%
137,江西财经大学,江西,33.4,55.9,89.69%,4927,971,1.097,36,1,0,0,0.28%
137,辽宁大学,辽宁,33.4,57.9,96.54%,10851,1571,0.824,17,0,11615,50,1.79%
137,青岛大学,山东,33.4,52.8,90.62%,3433,5718,0.924,114,3,17416,0,0.93%
137,武汉科技大学,湖北,33.4,61.0,94.50%,298,2713,0.711,22,0,98563,220,0.01%
142,东北农业大学,黑龙江,33.3,58.0,95.61%,4383,3084,0.794,19,0,20283,4990,0.99%
143,华南农业大学,广东,33.2,50.4,96.10%,14216,5236,0.997,57,2,74301,1897,0.27%
144,广东工业大学,广东,33.0,50.0,97.11%,6118,3799,0.990,89,1,139894,830,0.04%
145,山西大学,山西,32.8,53.0,85.77%,0,4021,1.027,81,3,11292,2250,0.12%
146,安徽医科大学,安徽,32.7,51.4,94.89%,0,5225,0.855,34,1,2798,2000,2.60%
147,东北林业大学,黑龙江,32.6,58.2,94.00%,3085,4142,0.666,25,0,45632,9500,0.45%
147,徐州医科大学,江苏,32.6,54.1,95.05%,0,2161,0.848,15,1,1012,0,2.26%
147,郑州大学,河南,32.6,46.6,93.02%,3402,12582,0.816,135,2,59596,1200,0.90%
150,广州医科大学,广东,32.5,52.1,97.24%,0,1169,0.958,14,1,12025,0,1.45%
150,三峡大学,湖北,32.5,53.1,94.02%,0,2280,0.815,26,0,98508,430,2.76%
152,黑龙江大学,黑龙江,32.4,49.5,89.40%,1951,2627,1.098,52,2,11245,89,1.45%
153,上海海事大学,上海,32.3,50.9,98.87%,2805,1667,0.906,32,1,98697,530,1.02%
154,福建医科大学,福建,32.1,54.5,94.99%,771,3879,0.699,21,2,2714,0,2.09%
154,河北大学,河北,32.1,57.3,90.16%,0,3472,0.706,28,2,2420,6148,0.65%
154,江苏师范大学,江苏,32.1,45.6,98.23%,5352,2320,1.167,56,1,15848,0,0.21%
157,广西师范大学,广西,32.0,50.7,94.05%,3083,1754,0.974,29,1,4860,90,1.43%
157,济南大学,山东,32.0,41.7,93.68%,2709,4225,1.258,112,2,28350,5190,0.35%
157,石家庄铁道大学,河北,32.0,58.3,96.17%,0,1146,0.572,12,1,93278,1100,1.37%
157,天津师范大学,天津,32.0,52.3,92.10%,0,1579,0.890,25,2,6526,200,1.94%
161,北京体育大学,北京,31.9,60.0,92.20%,0,156,0.663,1,0,0,0,1.13%
161,武汉工程大学,湖北,31.9,52.5,94.50%,870,1601,0.920,24,0,70122,457,0.03%
163,北京工商大学,北京,31.8,55.8,98.43%,773,1267,0.717,10,0,38107,3728,0.13%
164,天津财经大学,天津,31.7,66.1,,0,158,0.636,1,0,0,0,1.97%
165,北京物资学院,北京,31.6,42.3,97.85%,346,115,1.392,5,0,0,0,0.19%
165,天津工业大学,天津,31.6,48.2,95.40%,0,3836,0.861,58,3,127882,340,0.62%
167,长沙理工大学,湖南,31.5,55.0,96.13%,739,2624,0.668,20,1,67678,380,0.47%
167,中南民族大学,湖北,31.5,50.2,90.05%,2699,1667,1.046,38,1,6365,175,0
169,渤海大学,辽宁,31.4,34.4,95.38%,3089,1557,>1.548,71,2,18862,0,1.78%
169,湖北工业大学,湖北,31.4,54.0,96.36%,5438,1456,0.710,14,1,88479,400,0.60%
169,南京审计大学,江苏,31.4,63.4,,173,296,0.799,6,0,0,0,0.10%
169,南京中医药大学,江苏,31.4,52.0,93.12%,62089,3011,0.695,9,1,9249,0,3.04%
173,河北师范大学,河北,31.3,52.8,93.41%,11857,1910,0.829,16,1,11572,2400,0.44%
173,河南大学,河南,31.3,50.1,91.39%,9959,4663,0.857,53,1,27850,7234,0.16%
173,中国人民公安大学,北京,31.3,60.0,98.34%,0,145,0.535,0,0,0,0,0
176,广州大学,广东,31.2,49.1,95.76%,5044,3389,0.805,38,1,192734,2715,0.07%
176,山东师范大学,山东,31.2,52.0,91.45%,10338,2239,0.846,26,2,3087,450,0.30%
176,四川农业大学,四川,31.2,50.7,96.34%,0,3848,0.803,26,0,49700,2622,0.06%
179,常州大学,江苏,31.1,48.0,97.01%,4012,3353,0.863,56,0,93571,1350,0.19%
179,南通大学,江苏,31.1,47.6,97.76%,4188,4508,0.819,32,1,51000,270,1.33%
181,中国民航大学,天津,31.0,55.9,95.94%,19553,1337,0.633,12,0,47415,0,0.02%
182,广州中医药大学,广东,30.9,50.8,97.44%,589,312,0.644,4,0,16786,0,5.03%
183,北京建筑大学,北京,30.8,52.7,96.18%,0,846,0.674,10,0,179902,100,0.54%
184,安徽财经大学,安徽,30.7,50.5,94.23%,0,253,0.930,2,0,216,0,0.03%
184,天津中医药大学,天津,30.7,45.7,88.60%,0,1503,0.796,11,0,10021,0,7.86%
184,武汉纺织大学,湖北,30.7,47.5,93.30%,733,1075,1.000,13,1,34330,100,0.67%
187,江苏科技大学,江苏,30.6,50.3,98.66%,7662,2213,0.734,28,1,25119,56,0.15%
188,重庆工商大学,重庆,30.5,44.4,90.63%,0,899,1.177,40,0,11665,2662,0.12%
188,河北科技大学,河北,30.5,51.7,97.57%,0,1539,0.669,18,1,88398,2900,0.23%
188,温州大学,浙江,30.5,44.6,96.02%,2612,2240,1.012,41,0,8516,2290,0.80%
191,华北理工大学,河北,30.4,48.5,95.99%,0,2517,0.800,41,0,28334,1000,0.67%
191,辽宁工业大学,辽宁,30.4,31.5,94.48%,437,802,>1.548,47,1,2798,0,2.83%
191,青岛科技大学,山东,30.4,44.5,90.67%,1372,2891,1.018,43,2,90734,60,0.17%
191,西安理工大学,陕西,30.4,53.9,93.17%,0,3703,0.569,20,0,112194,1151,0.03%
195,北方工业大学,北京,30.3,50.2,97.88%,0,922,0.670,16,0,43021,0,2.11%
195,重庆邮电大学,重庆,30.3,50.5,93.12%,2588,2228,0.690,35,1,48780,15011,1.05%
195,昆明医科大学,云南,30.3,49.5,96.94%,0,847,0.736,5,0,1600,200,2.59%
195,云南师范大学,云南,30.3,44.0,97.14%,0,1367,0.960,25,0,6336,0,2.23%
199,长春理工大学,吉林,30.2,53.0,91.78%,1032,2646,0.627,16,0,46668,300,0.77%
199,福建师范大学,福建,30.2,45.6,97.20%,0,3264,0.842,46,1,9576,18557,0.46%
199,宁夏医科大学,宁夏,30.2,47.2,90.57%,0,1393,0.861,10,0,1373,0,3.19%
199,浙江农林大学,浙江,30.2,42.4,97.87%,8252,1621,0.989,29,1,48988,450,1.55%
199,中国计量大学,浙江,30.2,46.7,97.26%,382,2777,0.841,40,0,55205,439,0.24%
204,湖北中医药大学,湖北,30.1,45.9,94.03%,0,336,0.950,4,0,2384,180,2.09%
204,内蒙古大学,内蒙古,30.1,50.9,84.40%,0,1782,0.822,15,0,5186,1078,1.82%
204,沈阳航空航天大学,辽宁,30.1,46.8,95.71%,0,1220,0.638,9,2,45252,0,5.30%
207,河南师范大学,河南,30.0,44.6,92.02%,0,3455,0.936,58,1,58312,5650,0.01%
207,上海海洋大学,上海,30.0,43.7,96.13%,0,2475,0.932,52,1,20942,21167,0.22%
207,苏州科技大学,江苏,30.0,47.8,97.33%,4766,1311,0.831,14,0,44151,70,0.10%
207,天津理工大学,天津,30.0,44.6,93.84%,120,2180,0.966,36,0,66528,400,0.35%
211,山东财经大学,山东,29.9,48.6,94.86%,2372,551,0.850,16,1,439,0,0.04%
212,安徽工业大学,安徽,29.7,42.1,96.37%,5634,2796,0.960,62,1,40686,1160,0.09%
212,湖北第二师范学院,湖北,29.7,39.6,89.40%,0,237,1.370,2,0,0,0,0
212,沈阳医学院,辽宁,29.7,40.1,95.38%,0,290,0.617,0,0,240,240,12.63%
215,安徽师范大学,安徽,29.6,42.2,93.50%,31877,1982,1.033,35,0,21732,30,0.32%
215,海南大学,海南,29.6,49.9,84.88%,2892,1700,0.860,19,0,7746,40,0.36%
217,黑龙江中医药大学,黑龙江,29.5,43.0,90.11%,668,742,0.984,10,0,181,0,3.01%
217,湖南农业大学,湖南,29.5,43.8,93.67%,443,2009,0.927,22,0,115606,9370,0.13%
217,新乡医学院,河南,29.5,50.0,96.67%,0,1671,0.686,5,0,1120,0,0.11%
220,长江大学,湖北,29.4,46.8,93.03%,3815,2176,0.641,16,0,131903,500,2.96%
220,福建农林大学,福建,29.4,40.7,96.30%,1981,2404,0.947,23,0,25720,52216,0.50%
220,西安建筑科技大学,陕西,29.4,52.6,93.31%,31277,3668,0.439,14,1,113624,60,0.03%
223,江西师范大学,江西,29.3,41.3,88.49%,15575,2399,1.095,50,0,5139,0,0.40%
223,山东科技大学,山东,29.3,44.9,97.36%,1451,2877,0.739,32,3,9137,0,0.90%
225,贵州大学,贵州,29.2,47.4,88.53%,2485,3092,0.747,40,2,47063,1150,0.37%
225,辽宁师范大学,辽宁,29.2,48.9,96.14%,288,1661,0.649,7,0,3257,0,1.06%
225,上海电力学院,上海,29.2,41.6,97.71%,1268,1367,0.957,26,1,34022,204,0.41%
228,湖南中医药大学,湖南,29.1,49.0,94.83%,0,497,0.670,0,0,3268,845,1.25%
228,上海立信会计金融学院,上海,29.1,51.6,90.18%,1450,239,0.620,1,0,0,0,1.47%
228,天津科技大学,天津,29.1,44.9,94.78%,0,2681,0.802,21,1,41775,500,0.19%
228,武汉轻工大学,湖北,29.1,44.5,93.91%,0,908,0.937,17,0,7908,400,0
228,延边大学,吉林,29.1,51.7,78.44%,4949,1392,0.766,3,0,2698,0,1.41%
233,集美大学,福建,29.0,46.7,96.33%,9316,1199,0.743,13,0,38012,200,0.23%
233,闽南师范大学,福建,29.0,38.2,95.14%,0,653,1.204,17,0,940,0,0
235,北京信息科技大学,北京,28.9,49.9,99.42%,0,888,0.537,9,0,29957,0,0.47%
235,河北农业大学,河北,28.9,49.3,91.37%,0,1741,0.656,13,0,23212,17470,0.09%
235,湖北经济学院,湖北,28.9,50.5,92.34%,0,180,0.690,1,0,0,0,0
235,湖南工业大学,湖南,28.9,38.4,88.96%,0,1084,1.218,57,0,5129,0,0
235,南京工程学院,江苏,28.9,49.4,98.21%,606,1097,0.590,3,0,52538,158,0
235,西南民族大学,四川,28.9,44.9,96.20%,1516,813,0.859,10,0,532,30,0.01%
241,山西财经大学,山西,28.8,52.8,88.50%,5050,124,0.630,1,0,0,0,0
241,西华师范大学,四川,28.8,35.9,94.52%,1708,1062,1.228,42,1,13263,0,0.08%
243,广西民族大学,广西,28.7,43.1,95.25%,14924,797,0.788,12,0,671,60,2.64%
243,桂林医学院,广西,28.7,45.7,93.56%,3311,400,0.780,2,0,0,0,1.41%
243,江汉大学,湖北,28.7,45.6,91.84%,749,672,0.854,5,0,9212,10,0.20%
243,四川师范大学,四川,28.7,46.3,93.51%,0,1190,0.744,11,3,10742,0,0.10%
247,成都理工大学,四川,28.6,48.1,93.76%,390,3388,0.559,25,0,102754,4500,0
247,重庆交通大学,重庆,28.6,47.1,95.68%,0,1345,0.566,22,1,90273,32354,0.42%
247,山西师范大学,山西,28.6,47.6,91.48%,0,1152,0.743,8,1,554,0,0
250,锦州医科大学,辽宁,28.5,39.3,95.31%,0,1177,0.684,4,0,100,50,7.59%
250,南华大学,湖南,28.5,46.8,91.79%,601,2400,0.702,18,0,17344,200,0.40%
250,西南石油大学,四川,28.5,43.6,91.49%,2370,3955,0.643,43,1,305806,505,0.04%
250,浙江中医药大学,浙江,28.5,40.8,97.75%,12317,1449,0.794,8,0,7289,0,3.03%
254,河南理工大学,河南,28.4,44.6,91.00%,476,3504,0.745,36,0,38156,5740,0.01%
254,湖南科技大学,湖南,28.4,47.2,93.30%,0,1999,0.651,23,0,45219,40,0.01%
256,桂林电子科技大学,广西,28.3,43.7,93.08%,0,2014,0.764,25,1,14303,3791,0.59%
256,信阳师范学院,河南,28.3,36.9,95.74%,30,824,1.122,25,1,633,250,0.01%
258,福建中医药大学,福建,28.2,42.7,93.01%,2911,923,0.833,4,0,440,0,1.57%
258,广西中医药大学,广西,28.2,46.8,92.78%,0,108,0.686,1,0,371,0,1.19%
258,湖北师范大学,湖北,28.2,40.5,94.03%,1034,577,0.993,12,0,5852,2310,0.08%
258,吉林师范大学,吉林,28.2,46.5,93.99%,2520,999,0.682,5,0,4408,800,0.63%
258,昆明理工大学,云南,28.2,41.2,91.96%,325,6380,0.639,46,3,135314,150,0.72%
258,新疆医科大学,新疆,28.2,44.3,90.54%,0,2730,0.527,7,0,1172,0,5.51%
258,中北大学,山西,28.2,49.6,91.10%,0,3497,0.461,15,0,126573,0,0
265,长春中医药大学,吉林,28.1,44.5,93.10%,200,455,0.774,4,0,576,9435,0.58%
265,西南医科大学,四川,28.1,48.6,82.16%,0,828,0.688,5,0,12826,300,2.00%
265,浙江传媒学院,浙江,28.1,44.1,94.41%,1880,130,0.820,1,0,0,0,0.18%
268,曲阜师范大学,山东,28.0,36.5,91.24%,1155,1918,1.102,54,0,3274,30,0.21%
268,陕西科技大学,陕西,28.0,46.9,94.50%,0,2170,0.610,8,0,11546,1170,0
270,重庆师范大学,重庆,27.9,41.4,93.58%,840,1264,0.862,24,0,8642,0,0.25%
270,东北电力大学,吉林,27.9,51.5,86.45%,52,1208,0.507,3,0,0,22340,0.19%
270,中南林业科技大学,湖南,27.9,47.0,91.97%,0,1450,0.621,18,0,28376,4250,0.05%
273,哈尔滨师范大学,黑龙江,27.8,46.3,71.39%,1074,1281,0.951,20,0,730,0,0.68%
273,湖州师范学院,浙江,27.8,37.1,96.45%,0,796,1.016,15,0,5882,2000,0.40%
273,吉林财经大学,吉林,27.8,51.6,92.26%,0,117,0.470,0,0,0,0,0.15%
273,辽宁中医药大学,辽宁,27.8,40.8,93.90%,0,536,0.725,1,0,0,200,4.06%
273,南京林业大学,江苏,27.8,40.6,98.18%,980,2988,0.730,28,0,49829,4173,0.23%
278,云南财经大学,云南,27.7,38.5,95.67%,0,390,0.960,0,0,128,0,0.87%
279,常熟理工学院,江苏,27.6,40.8,98.39%,1679,847,0.822,6,0,8729,0,0
279,重庆理工大学,重庆,27.6,42.5,93.61%,3507,1383,0.668,13,0,65703,46739,0.29%
279,广东医科大学,广东,27.6,37.1,97.83%,0,1745,0.965,15,0,4379,100,0
279,哈尔滨理工大学,黑龙江,27.6,46.0,90.59%,6992,3042,0.577,21,0,54837,110,0.13%
279,河南财经政法大学,河南,27.6,47.5,92.63%,0,267,0.630,0,0,0,0,0
279,西安邮电大学,陕西,27.6,48.1,91.64%,0,894,0.560,8,0,45621,100,0
285,广东财经大学,广东,27.5,43.5,99.22%,839,109,0.700,0,0,0,0,0
285,青岛理工大学,山东,27.5,43.7,91.92%,1076,1052,0.672,12,0,156427,300,0.01%
287,湖北医药学院,湖北,27.4,41.4,91.78%,0,1066,0.792,6,0,0,0,1.21%
287,山西医科大学,山西,27.4,49.1,77.91%,220,2093,0.683,12,0,1457,100,0
289,东北石油大学,黑龙江,27.3,48.2,81.71%,770,1799,0.603,25,1,48788,50,0.04%
289,兰州交通大学,甘肃,27.3,43.7,96.01%,902,2129,0.564,27,0,69656,0,0.43%
289,山东农业大学,山东,27.3,36.3,96.89%,2251,3334,0.899,18,0,34113,5950,0
289,西北师范大学,甘肃,27.3,42.9,,0,2716,0.952,40,1,8606,0,0.85%
289,右江民族医学院,广西,27.3,42.1,95.66%,0,108,0.690,0,0,0,0,2.05%
294,河南工业大学,河南,27.2,41.0,92.35%,0,1921,0.757,22,1,56628,250,0.02%
294,上海体育学院,上海,27.2,36.4,98.80%,0,372,0.800,0,0,617,0,3.58%
296,黄冈师范学院,湖北,27.0,33.2,92.97%,0,322,1.177,8,0,0,650,0.01%
296,宁夏大学,宁夏,27.0,42.7,92.92%,0,1174,0.694,9,0,12555,0,0.42%
296,绍兴文理学院,浙江,27.0,36.4,93.07%,5510,1119,0.979,23,0,12691,0,0.07%
296,沈阳建筑大学,辽宁,27.0,48.0,95.71%,0,1290,0.300,3,0,31651,0,2.03%
296,浙江科技学院,浙江,27.0,38.2,97.03%,441,872,0.604,3,0,37340,0,4.88%
301,大连交通大学,辽宁,26.9,47.1,93.02%,1110,1081,0.489,3,0,18874,0,0.02%
302,安徽农业大学,安徽,26.8,37.3,94.54%,0,1679,0.784,12,0,34172,41000,0.35%
302,成都中医药大学,四川,26.8,39.4,94.89%,10920,1070,0.768,6,0,5926,1300,0.51%
302,广西师范学院,广西,26.8,40.7,95.60%,0,375,0.718,2,0,11081,0,0.76%
302,河北经贸大学,河北,26.8,52.2,90.12%,0,116,0.309,0,0,0,0,0.37%
302,河南农业大学,河南,26.8,39.0,91.20%,0,1921,0.818,12,1,31489,5400,0.03%
302,浙江海洋大学,浙江,26.8,38.9,96.24%,890,1001,0.767,7,1,42939,94,0.22%
308,桂林理工大学,广西,26.7,39.5,95.05%,0,1744,0.703,12,0,41585,200,0.56%
308,上海工程技术大学,上海,26.7,40.1,99.13%,0,1395,0.638,10,0,33723,250,0.57%
308,新疆大学,新疆,26.7,44.2,,300,2917,0.762,29,1,20487,130,1.46%
308,烟台大学,山东,26.7,36.0,92.90%,2063,1762,0.865,31,0,10035,710,1.19%
312,上海应用技术大学,上海,26.6,34.9,99.52%,2756,1619,0.813,17,0,87836,200,0.43%
313,长春工业大学,吉林,26.5,41.3,93.88%,150,1176,0.674,10,0,10777,3700,0.02%
313,大连民族大学,辽宁,26.5,39.6,92.58%,0,979,0.775,14,0,2986,4000,0.10%
313,河北工程大学,河北,26.5,43.1,90.92%,0,1283,0.628,11,0,10929,0,0.31%
313,河南科技大学,河南,26.5,42.9,85.74%,0,3717,0.612,20,2,20352,5650,0
313,兰州理工大学,甘肃,26.5,38.3,96.92%,3102,3410,0.615,33,0,67039,200,0.54%
313,上海第二工业大学,上海,26.5,37.0,98.28%,0,374,0.815,7,1,0,0,0.43%
319,大理大学,云南,26.4,34.2,90.15%,0,455,0.732,2,0,2100,0,6.97%
320,重庆文理学院,重庆,26.3,31.5,95.57%,0,612,1.070,17,0,588,0,0.29%
320,河北北方学院,河北,26.3,36.7,96.27%,0,746,0.611,7,0,401,0,4.78%
320,盐城工学院,江苏,26.3,38.0,98.47%,1333,1397,0.706,16,0,37831,30,0
323,大连大学,辽宁,26.2,40.0,96.32%,0,1423,0.597,12,1,10020,390,0.80%
323,广东药科大学,广东,26.2,34.3,98.10%,63,1634,0.863,15,0,7454,240,0.17%
323,华东交通大学,江西,26.2,42.8,89.68%,0,1492,0.598,11,0,33401,3200,0
323,江苏理工学院,江苏,26.2,42.3,90.80%,32965,500,0.640,5,0,20037,525,0
323,沈阳师范大学,辽宁,26.2,37.1,95.88%,90,685,0.787,9,0,0,9,0.64%
323,西安工业大学,陕西,26.2,40.3,92.44%,0,1090,0.580,6,0,57971,66214,0
329,北京印刷学院,北京,26.1,40.7,97.20%,0,278,0.625,5,0,6499,172,0.01%
329,淮阴师范学院,江苏,26.1,39.0,,0,885,1.084,26,0,2220,61,0
329,内蒙古医科大学,内蒙古,26.1,41.0,88.30%,0,183,0.723,0,0,10,0,0.67%
329,玉林师范学院,广西,26.1,35.5,94.04%,0,281,0.904,3,0,370,0,0.33%
333,大连工业大学,辽宁,26.0,38.5,94.52%,0,1014,0.707,6,0,15592,1752,0.28%
333,河北地质大学,河北,26.0,41.7,95.02%,0,373,0.590,4,0,8578,0,0
333,湖北工程学院,湖北,26.0,34.7,91.46%,427,291,0.976,7,0,2264,0,0.01%
333,沈阳工业大学,辽宁,26.0,42.6,95.23%,0,1956,0.421,3,0,131698,470,0.61%
337,贵州医科大学,贵州,25.9,38.4,91.15%,0,797,0.764,5,0,660,0,0.37%
337,厦门理工学院,福建,25.9,36.7,97.99%,36619,819,0.688,10,0,20238,13,0.66%
337,云南中医学院,云南,25.9,38.5,97.96%,0,251,0.680,1,0,1431,0,0.39%
340,承德医学院,河北,25.8,44.5,89.99%,0,232,0.392,1,0,105,0,2.51%
340,广东海洋大学,广东,25.8,35.4,98.17%,0,909,0.774,8,0,43404,1220,0.01%
340,太原科技大学,山西,25.8,42.3,90.40%,0,1501,0.558,11,0,12519,12,0
340,天津商业大学,天津,25.8,42.4,85.03%,0,541,0.689,2,0,2452,105,0.01%
340,徐州工程学院,江苏,25.8,37.7,98.88%,823,403,0.686,6,0,2776,50,0.02%
340,盐城师范学院,江苏,25.8,37.8,98.13%,1572,549,0.689,2,0,5399,70,0
346,长春大学,吉林,25.7,41.0,92.20%,0,489,0.602,2,0,752,342,0.40%
346,金陵科技学院,江苏,25.7,43.8,97.20%,80,211,0.419,1,0,16471,72,0
348,湖北汽车工业学院,湖北,25.6,35.2,95.12%,118,207,0.841,4,0,9085,10,0
348,南京晓庄学院,江苏,25.6,44.4,,0,337,0.771,4,0,140,0,0.53%
348,西安科技大学,陕西,25.6,42.6,92.61%,1810,1450,0.460,6,0,81178,0,0
348,郑州师范学院,河南,25.6,34.4,,0,145,1.265,4,0,185,0,0
352,广东技术师范学院,广东,25.5,35.2,96.03%,0,337,0.756,6,0,2326,277,1.02%
352,哈尔滨商业大学,黑龙江,25.5,44.4,92.37%,134,643,0.442,1,0,0,0,0
352,海南师范大学,海南,25.5,32.2,93.27%,0,662,0.950,9,0,6045,0,0.42%
352,湖南商学院,湖南,25.5,41.7,92.16%,22,207,0.579,2,0,39,0,0.02%
352,山西大同大学,山西,25.5,39.8,85.72%,0,598,0.742,3,0,1918,0,0
352,沈阳农业大学,辽宁,25.5,45.9,,6043,1543,0.632,5,0,32240,202,0.18%
358,安阳师范学院,河南,25.4,29.6,94.10%,0,1028,1.038,23,0,300,0,0
358,嘉兴学院,浙江,25.4,34.1,95.63%,817,1093,0.819,12,0,5240,50,0.01%
358,齐齐哈尔医学院,黑龙江,25.4,34.7,90.93%,232,258,0.858,1,0,0,0,0.80%
358,山东中医药大学,山东,25.4,34.1,96.66%,0,844,0.791,9,0,0,0,0.55%
358,太原师范学院,山西,25.4,42.8,86.71%,0,214,0.599,0,0,90,0,0
358,潍坊医学院,山东,25.4,37.4,87.91%,0,811,0.638,4,0,55,0,3.40%
364,安徽建筑大学,安徽,25.3,38.9,91.95%,0,783,0.645,8,0,12015,0,0
364,滨州医学院,山东,25.3,34.1,95.73%,0,671,0.792,2,0,600,0,0.65%
364,川北医学院,四川,25.3,38.5,94.56%,0,638,0.568,1,0,0,0,1.56%
364,广东金融学院,广东,25.3,39.3,97.25%,0,305,0.580,0,0,0,0,0.02%
364,淮北师范大学,安徽,25.3,27.9,90.25%,0,926,1.161,29,0,1103,328,0
364,吉首大学,湖南,25.3,36.0,93.90%,967,725,0.765,6,0,4453,60,0
364,南昌航空大学,江西,25.3,36.5,86.25%,0,2126,0.741,22,0,47844,299,0.71%
364,西安医学院,陕西,25.3,39.3,90.74%,0,420,0.670,4,0,295,200,0
364,郑州轻工业学院,河南,25.3,35.9,95.14%,0,1515,0.699,16,0,15844,5310,0
373,长沙学院,湖南,25.2,33.1,94.28%,0,382,0.879,8,0,0,55,0.01%
373,大连海洋大学,辽宁,25.2,34.9,94.35%,414,810,0.762,11,0,7446,0,0.27%
373,辽宁工程技术大学,辽宁,25.2,43.4,93.91%,150,1788,0.351,4,0,31689,0,0.25%
373,山西农业大学,山西,25.2,39.1,91.20%,0,840,0.648,1,0,9126,240,0
377,湖南第一师范学院,湖南,25.1,39.3,92.79%,0,185,0.620,0,0,0,0,0
377,吉林农业大学,吉林,25.1,34.3,93.04%,0,1587,0.773,11,0,21395,250,0.22%
377,济宁医学院,山东,25.1,27.9,96.14%,0,187,1.050,6,0,0,0,0.71%
377,西华大学,四川,25.1,39.5,92.77%,0,1284,0.550,14,0,23460,0,0
381,北京农学院,北京,25.0,35.2,97.54%,0,521,0.700,2,0,14444,160,0
381,佛山科学技术学院,广东,25.0,33.6,99.61%,0,348,0.735,4,0,36001,300,0
381,淮海工学院,江苏,25.0,37.0,97.93%,36,955,0.604,4,0,4037,109,0.01%
381,江苏第二师范学院,江苏,25.0,42.4,99.00%,0,103,0.365,1,0,303,0,0
385,西安石油大学,陕西,24.9,40.4,90.36%,421,1279,0.360,2,0,96609,45697,1.27%
386,海南医学院,海南,24.8,33.0,90.60%,0,772,0.678,2,0,1000,0,3.76%
386,河北科技师范学院,河北,24.8,38.8,90.42%,0,659,0.610,3,0,168,0,0
386,湖北民族学院,湖北,24.8,32.7,92.90%,0,546,0.830,3,1,3829,0,0.32%
386,陕西中医药大学,陕西,24.8,37.1,92.71%,0,246,0.650,0,0,2001,0,0.47%
386,石河子大学,新疆,24.8,40.6,,2424,2291,0.726,10,0,0,0,1.03%
391,北华大学,吉林,24.7,39.5,80.67%,1519,782,0.602,1,0,385,0,2.37%
391,长治医学院,山西,24.7,41.2,79.40%,0,183,0.670,1,0,0,0,0
391,牡丹江医学院,黑龙江,24.7,36.0,91.34%,0,364,0.727,0,0,0,0,0
391,浙江外国语学院,浙江,24.7,39.9,,0,105,0.870,0,0,0,0,0.04%
395,安徽工程大学,安徽,24.6,33.3,95.07%,9839,736,0.750,9,0,7256,466,0
395,湖南理工学院,湖南,24.6,32.5,97.96%,7564,453,0.753,3,0,3944,2050,0
397,西安工程大学,陕西,24.5,39.7,90.21%,0,1506,0.465,6,0,67844,4500,0.02%
398,北京石油化工学院,北京,24.4,34.5,98.86%,0,703,0.592,5,0,25537,0,0.27%
398,河南中医药大学,河南,24.4,45.6,,0,177,0.518,0,0,2306,210,0.77%
398,江西理工大学,江西,24.4,33.8,94.97%,0,1305,0.665,11,0,38000,765,0.01%
401,长春师范大学,吉林,24.3,41.0,,670,406,0.740,0,0,1430,55,0.14%
401,湖北科技学院,湖北,24.3,34.8,85.50%,0,414,0.800,1,0,1531,0,0.04%
403,福建工程学院,福建,24.2,34.0,97.20%,1028,507,0.641,6,0,7846,82,0.03%
403,贵州师范学院,贵州,24.2,23.8,89.98%,0,216,1.230,5,0,1200,0,0
403,吉林医药学院,吉林,24.2,38.7,85.41%,0,203,0.585,1,0,0,0,0.50%
403,泰山医学院,山东,24.2,29.5,86.76%,0,780,0.774,1,0,500,30,4.62%
403,云南民族大学,云南,24.2,28.6,98.75%,0,603,0.860,7,0,188,0,0.16%
408,湖北理工学院,湖北,24.1,34.7,93.14%,0,368,0.656,1,0,2279,0,0.05%
408,江西科技师范大学,江西,24.1,29.0,86.16%,0,888,0.996,15,1,30,0,0.01%
408,青海大学,青海,24.1,36.9,91.00%,16,744,0.567,3,0,13210,0,0.01%
408,山东建筑大学,山东,24.1,36.8,91.37%,0,874,0.548,4,1,37424,157,0
408,西安财经学院,陕西,24.1,41.0,88.92%,0,136,0.442,0,0,100,0,0
408,忻州师范学院,山西,24.1,33.3,89.63%,0,136,0.795,0,0,0,0,0
408,云南农业大学,云南,24.1,30.6,96.55%,0,1031,0.742,9,0,17962,100,0.51%
415,安徽理工大学,安徽,24.0,35.4,95.77%,849,1954,0.480,10,0,56500,5200,0
415,广东第二师范学院,广东,24.0,32.7,97.26%,0,273,0.690,0,0,350,0,0
415,宁波工程学院,浙江,24.0,30.0,97.47%,3864,661,0.761,7,0,15971,10,0.41%
415,沈阳大学,辽宁,24.0,33.4,96.06%,0,756,0.590,4,0,632,0,1.09%
415,沈阳化工大学,辽宁,24.0,35.0,92.57%,40,1168,0.518,1,0,15830,336,1.96%
420,赣南医学院,江西,23.9,29.9,86.16%,0,164,0.912,2,0,0,0,1.31%
420,沈阳理工大学,辽宁,23.9,40.3,94.37%,360,1063,0.291,1,0,2018,885,0.89%
420,西南科技大学,四川,23.9,40.5,,294,2892,0.593,14,0,34280,7890,0
420,延安大学,陕西,23.9,37.8,91.17%,0,570,0.505,1,0,0,0,0
420,遵义医学院,贵州,23.9,34.6,95.89%,0,811,0.579,5,0,1365,0,0.06%
425,鲁东大学,山东,23.8,31.1,94.46%,1634,1538,0.695,7,0,7922,40,0.48%
425,西安文理学院,陕西,23.8,34.0,92.12%,0,219,0.660,2,0,4623,0,0
427,东华理工大学,江西,23.7,30.9,86.43%,0,1185,0.812,16,1,45934,50,0.01%
427,哈尔滨学院,黑龙江,23.7,31.7,93.87%,0,250,0.729,3,0,0,0,0
427,江西农业大学,江西,23.7,31.3,87.76%,453,1235,0.804,8,0,20560,500,0.03%
427,辽宁石油化工大学,辽宁,23.7,34.2,95.37%,2116,1485,0.432,4,0,13753,350,2.27%
427,闽江学院,福建,23.7,30.2,,426,361,1.143,11,0,3000,1711,0.12%
427,曲靖师范学院,云南,23.7,28.3,89.13%,0,282,0.963,7,0,106,0,0.04%
427,西南林业大学,云南,23.7,32.1,95.84%,0,730,0.637,8,0,24857,0,0.10%
434,常州工学院,江苏,23.6,41.4,91.69%,0,394,0.302,0,0,8246,43,0.03%
434,东莞理工学院,广东,23.6,35.1,,1095,656,0.893,12,0,7954,20,0
434,石家庄学院,河北,23.6,37.8,95.65%,0,227,0.417,0,0,0,0,0
434,中原工学院,河南,23.6,33.4,90.86%,0,710,0.657,7,0,10006,1460,0.01%
438,蚌埠医学院,安徽,23.5,31.6,95.37%,0,946,0.665,3,0,1001,0,0
438,湖南文理学院,湖南,23.5,27.1,93.24%,994,565,0.909,9,0,200,1450,0
438,辽宁科技大学,辽宁,23.5,33.1,95.75%,0,1081,0.524,8,0,63430,0,0.41%
438,唐山学院,河北,23.5,38.7,90.82%,0,188,0.431,1,0,651,0,0
438,天津城建大学,天津,23.5,36.5,92.11%,431,234,0.488,1,0,9839,0,0.45%
443,北京服装学院,北京,23.4,35.5,97.94%,0,367,0.419,0,0,9602,0,0.41%
443,广东石油化工学院,广东,23.4,20.5,98.86%,0,472,1.080,13,0,16667,6830,0.30%
443,江西中医药大学,江西,23.4,30.3,88.02%,0,825,0.582,3,0,2964,10470,4.43%
443,齐齐哈尔大学,黑龙江,23.4,31.3,94.35%,1140,997,0.635,7,0,1498,1370,0.68%
443,山东理工大学,山东,23.4,37.2,,2433,2221,0.675,19,0,49730,2300,0.23%
443,陕西理工大学,陕西,23.4,33.0,95.34%,0,617,0.577,5,0,12611,410,0
443,通化师范学院,吉林,23.4,37.3,89.47%,0,107,0.500,0,0,520,0,0.02%
450,成都学院,四川,23.3,33.0,96.30%,0,689,0.528,3,1,15692,0,0.12%
450,廊坊师范学院,河北,23.3,36.4,96.80%,0,139,0.404,0,0,70,0,0
450,齐鲁工业大学,山东,23.3,25.2,98.49%,0,1399,0.828,11,1,20512,20,0.06%
450,五邑大学,广东,23.3,29.4,97.96%,0,733,0.683,7,0,13969,380,0.01%
454,宝鸡文理学院,陕西,23.2,31.7,90.98%,0,555,0.685,6,0,180,0,0
454,贵州财经大学,贵州,23.2,31.2,98.39%,0,301,0.610,1,0,298,0,0
454,华北水利水电大学,河南,23.2,42.0,,0,1908,0.447,6,0,42774,7980,0.02%
454,吉林建筑大学,吉林,23.2,35.8,90.90%,0,249,0.500,0,0,23467,90,0
454,青岛农业大学,山东,23.2,25.0,93.13%,1143,1972,0.892,16,0,45020,850,0.01%
454,上海电机学院,上海,23.2,32.8,99.14%,222,352,0.446,1,0,17376,0,1.38%
460,佳木斯大学,黑龙江,23.1,32.1,81.34%,610,599,0.657,2,0,539,0,2.85%
460,沈阳工程学院,辽宁,23.1,35.7,96.11%,0,232,0.413,1,0,5367,0,0
460,郑州航空工业管理学院,河南,23.1,40.2,,0,382,0.592,5,0,3913,0,0
463,成都信息工程大学,四川,23.0,40.9,,1011,1057,0.528,2,0,23038,40,0
463,河南工程学院,河南,23.0,34.2,95.70%,0,547,0.478,1,0,896,0,0
463,黑龙江科技大学,黑龙江,23.0,33.4,94.81%,574,433,0.520,2,0,9503,0,0
463,湖南财政经济学院,湖南,23.0,37.9,87.86%,0,104,0.430,0,0,3,0,0
467,甘肃农业大学,甘肃,22.9,31.2,92.16%,0,986,0.618,8,0,4899,0,0.02%
467,贵州师范大学,贵州,22.9,31.1,95.09%,1000,816,0.596,5,0,8353,0,0.09%
467,临沂大学,山东,22.9,25.4,97.77%,0,1078,0.811,9,0,900,0,0.03%
467,四川理工学院,四川,22.9,28.5,96.60%,752,990,0.671,8,0,9996,2850,0.09%
467,皖南医学院,安徽,22.9,28.1,96.76%,0,818,0.715,5,0,399,0,0
472,岭南师范学院,广东,22.8,26.6,99.73%,2634,269,0.737,0,0,499,0,0.01%
472,运城学院,山西,22.8,33.5,85.46%,0,281,0.640,2,0,0,0,0
474,赣南师范大学,江西,22.7,27.8,84.69%,0,634,0.875,8,0,2031,5380,0.13%
474,洛阳理工学院,河南,22.7,33.6,92.11%,0,559,0.509,2,0,2172,50,0
474,太原工业学院,山西,22.7,38.3,88.49%,0,129,0.359,2,0,1531,0,0
474,唐山师范学院,河北,22.7,35.0,90.30%,0,100,0.487,2,0,0,0,0
474,中国民用航空飞行学院,四川,22.7,42.7,,0,219,0.430,2,0,2909,0,0
479,长江师范学院,重庆,22.5,27.0,97.57%,0,335,0.709,4,0,3000,500,0
479,湖北文理学院,湖北,22.5,33.9,,1077,378,0.790,1,0,35388,0,0
479,昆明学院,云南,22.5,28.2,96.95%,0,379,0.641,1,0,150,0,0.28%
479,内江师范学院,四川,22.5,23.8,93.50%,0,309,0.909,9,0,355,0,0.06%
479,天津农学院,天津,22.5,30.6,92.94%,0,396,0.610,1,0,4317,50,0.01%
479,仲恺农业工程学院,广东,22.5,29.9,95.86%,0,390,0.590,1,0,4920,0,0
485,贵州民族大学,贵州,22.4,25.0,95.12%,0,199,0.771,2,0,450,0,1.07%
485,黑龙江工程学院,黑龙江,22.4,31.3,,0,364,0.890,6,0,16592,6,0.05%
485,景德镇陶瓷大学,江西,22.4,21.9,87.08%,0,745,1.036,22,0,3512,1277,0.22%
485,许昌学院,河南,22.4,26.4,92.73%,0,558,0.782,7,0,1291,0,0
489,重庆第二师范学院,重庆,22.3,27.5,92.88%,0,263,0.730,1,0,200,0,0
489,内蒙古工业大学,内蒙古,22.3,32.2,90.46%,0,1434,0.450,2,0,63270,0,0.68%
489,钦州学院,广西,22.3,29.2,93.45%,0,148,0.630,0,0,4905,70,0.26%
489,泉州师范学院,福建,22.3,26.5,97.10%,2301,239,0.708,1,0,0,0,0.01%
493,北京联合大学,北京,22.2,32.6,,4830,751,0.629,9,0,4033,0,3.18%
493,重庆科技学院,重庆,22.2,31.4,92.12%,0,750,0.477,3,0,88100,100,0.12%
493,新疆师范大学,新疆,22.2,28.0,89.58%,0,404,0.553,1,0,1172,0,3.60%
496,衡阳师范学院,湖南,22.1,28.8,90.20%,0,461,0.670,3,0,335,0,0
496,荆楚理工学院,湖北,22.1,29.7,94.43%,0,132,0.567,0,0,752,0,0.03%
496,龙岩学院,福建,22.1,20.7,98.85%,0,230,0.923,2,0,1893,0,0.02%
496,山东工商学院,山东,22.1,26.7,96.97%,1251,319,0.641,2,0,542,0,0.65%
496,天津职业技术师范大学,天津,22.1,30.9,89.58%,0,535,0.535,3,0,10540,33,0.66%
496,邢台学院,河北,22.1,30.1,97.12%,0,100,0.510,0,0,0,0,0.01%
496,肇庆学院,广东,22.1,27.0,99.65%,1272,300,0.617,0,0,7846,500,0
503,湖南工程学院,湖南,22.0,29.7,91.58%,0,592,0.584,5,0,979,0,0
503,惠州学院,广东,22.0,30.1,96.42%,0,274,0.499,1,0,6372,0,0
503,湘南学院,湖南,22.0,28.2,90.69%,205,175,0.679,2,0,130,0,0.05%
506,鞍山师范学院,辽宁,21.9,28.7,90.13%,0,156,0.646,1,0,0,0,0.31%
506,淮阴工学院,江苏,21.9,35.0,,923,920,0.621,4,0,21585,5,0
506,洛阳师范学院,河南,21.9,31.4,,0,1112,0.781,16,0,0,5832,0
506,商丘师范学院,河南,21.9,26.6,94.09%,0,414,0.689,1,0,0,0,0
510,广西科技大学,广西,21.8,38.3,,0,165,0.482,1,0,6825,20,0.06%
511,安庆师范大学,安徽,21.7,24.6,89.37%,0,452,0.794,9,0,9450,3600,0
511,北华航天工业学院,河北,21.7,39.7,,0,107,0.410,0,0,4817,0,0
511,成都医学院,四川,21.7,33.7,,0,511,0.681,3,0,658,30,0
511,丽水学院,浙江,21.7,26.1,95.31%,71,440,0.645,7,0,2838,0,0
511,聊城大学,山东,21.7,25.8,,60,1679,0.984,21,1,5002,1150,0
511,南阳师范学院,河南,21.7,28.4,,0,930,0.903,14,0,0,0,0
517,乐山师范学院,四川,21.6,25.4,95.02%,0,237,0.673,2,0,767,0,0.29%
518,安徽中医药大学,安徽,21.5,32.6,,0,390,0.690,0,0,876,2259,0.16%
518,井冈山大学,江西,21.5,25.6,86.17%,0,557,0.660,3,0,52,160,2.52%
518,南昌工程学院,江西,21.5,27.0,88.27%,0,484,0.683,5,0,2590,0,0
521,韩山师范学院,广东,21.4,22.3,88.05%,0,280,0.901,4,0,945,0,0
521,合肥学院,安徽,21.4,28.7,97.31%,0,409,0.450,0,0,3372,50,0.30%
521,湖南城市学院,湖南,21.4,26.9,91.27%,682,575,0.620,2,0,13351,1086,0.03%
521,莆田学院,福建,21.4,25.4,99.20%,0,268,0.581,0,0,396,0,0
525,青海师范大学,青海,21.3,21.5,91.29%,0,348,0.864,8,0,0,0,0
526,合肥师范学院,安徽,21.2,26.3,94.33%,0,492,0.580,0,0,7830,0,0
526,吉林化工学院,吉林,21.2,33.1,,0,386,0.635,1,0,4423,0,0
526,兰州城市学院,甘肃,21.2,28.1,,0,153,0.873,1,0,0,0,0
526,绵阳师范学院,四川,21.2,28.7,89.71%,0,395,0.534,1,0,1642,0,0.22%
526,韶关学院,广东,21.2,23.3,96.42%,0,266,0.703,0,0,2607,0,0.01%
526,咸阳师范学院,陕西,21.2,31.0,87.50%,0,288,0.481,1,0,0,0,0.03%
532,河南科技学院,河南,21.1,32.7,,0,1205,0.602,5,0,5901,4800,0
532,新乡学院,河南,21.1,29.7,92.12%,0,494,0.450,4,0,0,0,0
534,西北民族大学,甘肃,21.0,27.0,87.31%,0,474,0.634,3,0,2479,0,0
535,黑龙江八一农垦大学,黑龙江,20.9,28.5,80.56%,0,876,0.628,2,0,6878,0,0
535,内蒙古民族大学,内蒙古,20.9,16.2,90.20%,627,680,0.959,10,0,0,30,1.96%
537,邯郸学院,河北,20.8,30.7,88.77%,0,201,0.410,0,0,717,0,0
537,宜宾学院,四川,20.8,22.7,92.80%,352,437,0.712,4,0,3146,0,0
539,北方民族大学,宁夏,20.7,28.6,,7484,180,0.769,2,0,1358,0,0
539,贵阳中医学院,贵州,20.7,28.1,93.06%,0,169,0.443,0,0,5800,50,0
539,黄淮学院,河南,20.7,26.0,96.00%,0,215,0.499,1,0,0,0,0
542,贺州学院,广西,20.6,25.6,92.59%,0,130,0.560,0,0,993,0,0.11%
542,红河学院,云南,20.6,22.4,98.46%,0,353,0.576,4,0,475,0,0.54%
542,辽东学院,辽宁,20.6,25.6,96.57%,0,156,0.490,0,0,5693,0,0.03%
542,内蒙古农业大学,内蒙古,20.6,24.4,84.34%,0,1159,0.678,11,0,0,0,0.43%
542,齐鲁师范学院,山东,20.6,18.1,,0,140,1.240,3,0,0,0,0
542,渭南师范学院,陕西,20.6,29.3,89.60%,0,199,0.435,1,0,40,0,0
548,长春工程学院,吉林,20.5,30.5,86.87%,418,224,0.402,1,0,1911,6,0
548,内蒙古科技大学,内蒙古,20.5,29.3,81.41%,0,1303,0.497,3,0,13128,0,0.05%
548,周口师范学院,河南,20.5,25.6,94.64%,0,512,0.502,2,0,0,0,0
551,牡丹江师范学院,黑龙江,20.4,29.6,85.04%,256,178,0.448,0,0,446,0,0.21%
551,四川文理学院,四川,20.4,23.0,95.08%,0,124,0.598,1,0,0,0,0.19%
553,南阳理工学院,河南,20.3,29.9,87.10%,0,306,0.389,1,0,0,10,0.26%
553,内蒙古师范大学,内蒙古,20.3,27.6,85.98%,2780,477,0.479,0,0,3779,0,0.70%
553,山东交通学院,山东,20.3,21.7,92.53%,0,324,0.670,2,0,11120,0,0.18%
553,泰山学院,山东,20.3,16.7,92.29%,0,352,0.917,4,0,1070,1070,0
557,滨州学院,山东,20.1,16.7,95.93%,0,445,0.825,5,0,453,0,0
557,黄山学院,安徽,20.1,20.9,95.22%,0,172,0.658,2,0,646,50,0.07%
557,嘉应学院,广东,20.1,23.0,94.40%,0,221,0.553,1,1,2120,0,0.01%
557,衢州学院,浙江,20.1,23.3,97.07%,0,177,0.520,1,0,1188,0,0
561,池州学院,安徽,20.0,16.3,93.25%,0,113,0.890,3,0,240,0,0
562,华北科技学院,河北,19.9,33.0,,0,257,0.428,0,0,13615,0,0.35%
562,新疆农业大学,新疆,19.9,21.9,89.17%,1223,513,0.637,4,0,27425,0,0.39%
564,河西学院,甘肃,19.8,26.4,,0,302,0.739,2,0,1093,0,0
564,湖南工学院,湖南,19.8,25.0,94.80%,123,319,0.416,0,0,732,0,0
566,楚雄师范学院,云南,19.7,22.1,98.80%,0,133,0.483,0,0,0,0,0.20%
566,铜陵学院,安徽,19.7,24.7,93.15%,0,164,0.456,0,0,358,0,0
566,榆林学院,陕西,19.7,26.8,91.91%,1263,131,0.386,0,0,550,0,0
566,玉溪师范学院,云南,19.7,25.9,,0,185,0.734,2,0,0,0,0.04%
570,河南城建学院,河南,19.6,28.7,,0,480,0.590,2,0,330,0,0
570,天水师范学院,甘肃,19.6,27.9,,0,273,0.628,4,0,0,0,0
572,商洛学院,陕西,19.5,26.0,91.59%,0,153,0.390,0,0,0,0,0
572,邵阳学院,湖南,19.5,22.5,95.62%,0,247,0.489,0,0,289,0,0
574,贵阳学院,贵州,19.4,20.8,93.26%,0,121,0.590,1,0,50,10,0
574,湖南科技学院,湖南,19.4,23.9,93.30%,65,204,0.435,2,0,154,0,0
574,浙江万里学院,浙江,19.4,15.7,96.03%,1305,454,0.764,5,0,1971,0,0.21%
577,皖西学院,安徽,19.3,18.1,96.29%,0,239,0.647,2,0,0,0,0
578,安阳工学院,河南,19.2,30.6,,0,219,0.448,0,0,400,0,0
578,宜春学院,江西,19.2,19.3,84.64%,0,254,0.691,0,0,923,500,1.41%
580,怀化学院,湖南,19.1,21.5,93.14%,0,324,0.503,0,0,163,0,0
581,九江学院,江西,18.8,22.6,,0,559,0.656,6,0,1456,0,1.66%
582,重庆三峡学院,重庆,18.7,26.3,,0,517,0.557,1,0,1169,0,0
582,济宁学院,山东,18.7,13.7,89.30%,0,307,0.860,4,0,0,0,0
584,攀枝花学院,四川,18.6,21.3,95.24%,0,245,0.400,0,0,0,0,0.05%
585,滁州学院,安徽,18.5,17.3,96.00%,0,385,0.551,2,0,6649,100,0
585,桂林航天工业学院,广西,18.5,28.5,,0,127,0.370,0,0,78,0,1.35%
587,潍坊学院,山东,18.4,19.6,92.41%,0,654,0.485,6,0,0,0,0.02%
588,安徽科技学院,安徽,18.1,16.5,91.20%,0,127,0.609,1,0,4003,820,0
588,伊犁师范学院,新疆,18.1,19.3,86.00%,0,144,0.571,0,0,0,0,0.05%
590,蚌埠学院,安徽,18.0,16.6,92.86%,0,108,0.566,0,0,160,300,0
590,平顶山学院,河南,18.0,26.7,,0,222,0.451,1,0,330,0,0
592,成都工业学院,四川,17.8,25.0,,0,125,0.500,0,0,5923,0,0
593,淮南师范学院,安徽,17.7,16.3,92.44%,0,425,0.537,2,0,1020,0,0
594,陇东学院,甘肃,17.5,24.5,,0,120,0.464,0,0,358,2000,0
595,德州学院,山东,17.4,13.7,96.76%,0,611,0.543,3,0,80,37,0
596,赤峰学院,内蒙古,17.0,13.0,89.14%,0,146,0.568,1,0,0,0,1.49%
596,塔里木大学,新疆,17.0,19.6,70.70%,0,284,0.612,1,0,4600,0,0
598,巢湖学院,安徽,16.7,15.7,94.53%,0,130,0.393,1,0,0,0,0.02%
599,铜仁学院,贵州,16.6,11.6,96.85%,0,120,0.511,0,0,267,0,0.24%
600,西藏大学,西藏,16.4,14.1,,0,457,0.770,4,0,450,0,0
600,枣庄学院,山东,16.4,11.8,93.53%,0,286,0.533,1,0,447,0,0.12%
